date,spot,strike,option_type,implied_vol,mid_price,bid,ask,volume
2020-01-02,321.03,300.0,call,0.1798,24.01,23.83,24.08,510
2020-01-02,321.03,300.0,put,0.1716,3.03,2.75,3.12,996
2020-01-02,321.03,310.0,call,0.1747,13.37,13.04,13.33,798
2020-01-02,321.03,310.0,put,0.2038,2.86,2.49,2.68,1238
2020-01-02,321.03,320.0,call,0.1887,3.48,3.17,3.41,972
2020-01-02,321.03,320.0,put,0.1939,2.46,2.07,2.31,926
2020-01-02,321.03,330.0,call,0.1991,2.21,1.87,2.13,1117
2020-01-02,321.03,330.0,put,0.1904,11.74,11.44,11.54,828
2020-01-02,321.03,340.0,call,0.1892,3.32,3.15,3.35,889
2020-01-02,321.03,340.0,put,0.2022,21.65,21.26,21.6,705
2020-01-03,320.88,300.0,call,0.1528,23.74,23.49,23.87,996
2020-01-03,320.88,300.0,put,0.1878,3.09,2.75,3.01,960
2020-01-03,320.88,310.0,call,0.1931,13.52,13.24,13.47,637
2020-01-03,320.88,310.0,put,0.1876,2.33,2.17,2.33,687
2020-01-03,320.88,320.0,call,0.1841,3.08,2.84,2.97,819
2020-01-03,320.88,320.0,put,0.2065,2.39,2.02,2.4,391
2020-01-03,320.88,330.0,call,0.1862,2.35,2.04,2.22,946
2020-01-03,320.88,330.0,put,0.2104,11.67,11.29,11.56,439
2020-01-03,320.88,340.0,call,0.1876,3.12,2.72,3.1,822
2020-01-03,320.88,340.0,put,0.2041,22.07,21.78,22.13,720
2020-01-06,320.11,300.0,call,0.1792,22.73,22.56,22.9,617
2020-01-06,320.11,300.0,put,0.164,2.65,2.34,2.45,1119
2020-01-06,320.11,310.0,call,0.1779,13.02,12.76,13.06,1079
2020-01-06,320.11,310.0,put,0.1892,2.58,2.36,2.57,847
2020-01-06,320.11,320.0,call,0.1992,1.65,1.54,1.93,840
2020-01-06,320.11,320.0,put,0.1784,2.31,1.93,2.04,894
2020-01-06,320.11,330.0,call,0.182,2.1,1.92,2.09,687
2020-01-06,320.11,330.0,put,0.1822,12.39,12.28,12.41,651
2020-01-06,320.11,340.0,call,0.2095,2.69,2.48,2.8,1035
2020-01-06,320.11,340.0,put,0.1867,23.06,22.67,22.79,419
2020-01-07,320.63,300.0,call,0.1835,23.51,23.33,23.61,684
2020-01-07,320.63,300.0,put,0.1785,2.94,2.67,2.92,843
2020-01-07,320.63,310.0,call,0.1671,13.02,12.67,12.85,770
2020-01-07,320.63,310.0,put,0.1943,2.37,2.26,2.44,788
2020-01-07,320.63,320.0,call,0.1693,3.12,2.91,3.1,492
2020-01-07,320.63,320.0,put,0.195,2.15,1.84,2.06,1174
2020-01-07,320.63,330.0,call,0.1813,2.62,2.52,2.68,725
2020-01-07,320.63,330.0,put,0.2002,11.71,11.35,11.62,927
2020-01-07,320.63,340.0,call,0.1863,2.87,2.56,2.79,767
2020-01-07,320.63,340.0,put,0.1975,22.09,21.94,22.2,747
2020-01-08,320.6,300.0,call,0.1722,23.88,23.51,23.76,714
2020-01-08,320.6,300.0,put,0.1921,3.4,3.06,3.22,1007
2020-01-08,320.6,310.0,call,0.1947,13.26,13.13,13.45,1002
2020-01-08,320.6,310.0,put,0.1918,2.35,2.19,2.51,783
2020-01-08,320.6,320.0,call,0.1598,2.95,2.69,2.82,1012
2020-01-08,320.6,320.0,put,0.2046,1.81,1.42,1.55,996
2020-01-08,320.6,330.0,call,0.1989,2.37,2.25,2.43,460
2020-01-08,320.6,330.0,put,0.2092,11.51,11.25,11.55,903
2020-01-08,320.6,340.0,call,0.1836,3.34,3.16,3.27,1092
2020-01-08,320.6,340.0,put,0.202,22.82,22.44,22.81,876
2020-01-09,319.22,300.0,call,0.1804,22.39,22.09,22.4,1034
2020-01-09,319.22,300.0,put,0.1753,3.0,2.84,3.12,635
2020-01-09,319.22,310.0,call,0.1557,11.33,11.13,11.47,764
2020-01-09,319.22,310.0,put,0.1902,2.0,1.85,2.24,621
2020-01-09,319.22,320.0,call,0.172,1.93,1.67,1.86,653
2020-01-09,319.22,320.0,put,0.1723,2.5,2.24,2.36,820
2020-01-09,319.22,330.0,call,0.1815,2.37,2.15,2.28,990
2020-01-09,319.22,330.0,put,0.209,13.79,13.59,13.83,676
2020-01-09,319.22,340.0,call,0.1984,2.97,2.78,3.1,1153
2020-01-09,319.22,340.0,put,0.2055,23.69,23.3,23.59,523
2020-01-10,317.92,300.0,call,0.1544,21.07,20.95,21.05,609
2020-01-10,317.92,300.0,put,0.179,2.88,2.6,2.9,949
2020-01-10,317.92,310.0,call,0.173,10.18,9.78,9.96,836
2020-01-10,317.92,310.0,put,0.1804,1.96,1.6,1.91,590
2020-01-10,317.92,320.0,call,0.1972,2.06,1.76,1.9,690
2020-01-10,317.92,320.0,put,0.1727,4.63,4.47,4.61,881
2020-01-10,317.92,330.0,call,0.174,2.48,2.22,2.37,1369
2020-01-10,317.92,330.0,put,0.182,14.59,14.29,14.65,759
2020-01-10,317.92,340.0,call,0.1909,3.52,3.32,3.57,502
2020-01-10,317.92,340.0,put,0.1891,25.29,25.12,25.32,802
2020-01-13,319.31,300.0,call,0.1863,22.59,22.48,22.62,784
2020-01-13,319.31,300.0,put,0.194,3.05,2.73,3.07,1149
2020-01-13,319.31,310.0,call,0.158,11.36,11.0,11.11,808
2020-01-13,319.31,310.0,put,0.166,2.81,2.61,2.76,856
2020-01-13,319.31,320.0,call,0.1663,2.19,1.8,2.05,992
2020-01-13,319.31,320.0,put,0.1933,2.91,2.57,2.9,662
2020-01-13,319.31,330.0,call,0.205,2.78,2.41,2.57,536
2020-01-13,319.31,330.0,put,0.2084,13.21,12.87,13.09,740
2020-01-13,319.31,340.0,call,0.1938,3.39,3.05,3.35,926
2020-01-13,319.31,340.0,put,0.2006,23.48,23.36,23.72,800
2020-01-14,320.64,300.0,call,0.1618,23.58,23.24,23.36,733
2020-01-14,320.64,300.0,put,0.1712,3.36,3.24,3.35,719
2020-01-14,320.64,310.0,call,0.1714,13.16,12.8,13.12,747
2020-01-14,320.64,310.0,put,0.2041,2.44,2.16,2.38,698
2020-01-14,320.64,320.0,call,0.1616,2.64,2.49,2.6,591
2020-01-14,320.64,320.0,put,0.1739,2.08,1.88,2.1,610
2020-01-14,320.64,330.0,call,0.1957,2.46,2.1,2.38,523
2020-01-14,320.64,330.0,put,0.1882,11.46,11.16,11.45,857
2020-01-14,320.64,340.0,call,0.2012,2.6,2.23,2.57,1151
2020-01-14,320.64,340.0,put,0.2069,22.64,22.38,22.72,597
2020-01-15,319.7,300.0,call,0.1814,22.63,22.3,22.54,819
2020-01-15,319.7,300.0,put,0.1619,3.42,3.17,3.54,723
2020-01-15,319.7,310.0,call,0.1929,12.36,12.09,12.25,1108
2020-01-15,319.7,310.0,put,0.2007,2.76,2.45,2.68,1005
2020-01-15,319.7,320.0,call,0.1724,1.63,1.4,1.67,1214
2020-01-15,319.7,320.0,put,0.1868,1.91,1.58,1.9,581
2020-01-15,319.7,330.0,call,0.1664,2.46,2.15,2.26,1247
2020-01-15,319.7,330.0,put,0.204,12.39,12.27,12.48,551
2020-01-15,319.7,340.0,call,0.1713,2.86,2.76,3.15,832
2020-01-15,319.7,340.0,put,0.2159,23.02,22.86,23.16,730
2020-01-16,321.02,300.0,call,0.1544,23.58,23.37,23.48,486
2020-01-16,321.02,300.0,put,0.167,2.66,2.46,2.85,557
2020-01-16,321.02,310.0,call,0.1597,14.04,13.83,14.07,675
2020-01-16,321.02,310.0,put,0.2028,2.69,2.53,2.93,1253
2020-01-16,321.02,320.0,call,0.1636,3.15,3.0,3.37,1140
2020-01-16,321.02,320.0,put,0.1821,1.79,1.46,1.65,679
2020-01-16,321.02,330.0,call,0.1813,2.0,1.86,1.97,868
2020-01-16,321.02,330.0,put,0.1913,11.48,11.16,11.3,836
2020-01-16,321.02,340.0,call,0.1864,3.09,2.96,3.19,467
2020-01-16,321.02,340.0,put,0.1818,21.84,21.61,21.93,1157
2020-01-17,320.48,300.0,call,0.1579,23.3,23.06,23.45,846
2020-01-17,320.48,300.0,put,0.1821,3.21,2.87,3.1,645
2020-01-17,320.48,310.0,call,0.1707,13.27,13.04,13.21,349
2020-01-17,320.48,310.0,put,0.1705,2.49,2.2,2.44,935
2020-01-17,320.48,320.0,call,0.1679,2.01,1.7,1.99,968
2020-01-17,320.48,320.0,put,0.2005,2.15,1.89,2.04,808
2020-01-17,320.48,330.0,call,0.193,2.45,2.15,2.48,837
2020-01-17,320.48,330.0,put,0.186,12.48,12.34,12.71,1136
2020-01-17,320.48,340.0,call,0.1714,2.73,2.47,2.74,726
2020-01-17,320.48,340.0,put,0.1899,22.28,21.95,22.32,856
2020-01-20,320.77,300.0,call,0.151,24.1,23.91,24.11,651
2020-01-20,320.77,300.0,put,0.1964,2.7,2.48,2.67,771
2020-01-20,320.77,310.0,call,0.1754,13.38,13.09,13.35,559
2020-01-20,320.77,310.0,put,0.1808,2.82,2.48,2.67,950
2020-01-20,320.77,320.0,call,0.1745,2.93,2.78,3.09,603
2020-01-20,320.77,320.0,put,0.1752,2.21,2.0,2.24,981
2020-01-20,320.77,330.0,call,0.1812,2.44,2.13,2.33,759
2020-01-20,320.77,330.0,put,0.1866,11.94,11.82,12.11,742
2020-01-20,320.77,340.0,call,0.1706,2.93,2.56,2.66,726
2020-01-20,320.77,340.0,put,0.2143,22.38,22.06,22.36,787
2020-01-21,319.29,300.0,call,0.152,22.37,21.97,22.33,699
2020-01-21,319.29,300.0,put,0.1694,3.22,3.03,3.16,493
2020-01-21,319.29,310.0,call,0.1738,11.58,11.43,11.66,970
2020-01-21,319.29,310.0,put,0.1832,2.67,2.41,2.55,671
2020-01-21,319.29,320.0,call,0.1968,1.98,1.64,1.86,869
2020-01-21,319.29,320.0,put,0.1792,2.45,2.07,2.35,613
2020-01-21,319.29,330.0,call,0.1673,2.42,2.25,2.38,826
2020-01-21,319.29,330.0,put,0.2009,12.92,12.64,12.92,863
2020-01-21,319.29,340.0,call,0.1986,3.05,2.86,3.22,666
2020-01-21,319.29,340.0,put,0.2056,23.77,23.38,23.77,976
2020-01-22,320.58,300.0,call,0.1871,23.69,23.44,23.75,833
2020-01-22,320.58,300.0,put,0.1615,2.69,2.59,2.89,953
2020-01-22,320.58,310.0,call,0.1603,13.39,13.09,13.48,440
2020-01-22,320.58,310.0,put,0.1829,2.37,2.24,2.6,1073
2020-01-22,320.58,320.0,call,0.1915,2.43,2.19,2.39,859
2020-01-22,320.58,320.0,put,0.1845,1.74,1.48,1.64,810
2020-01-22,320.58,330.0,call,0.1728,2.64,2.32,2.51,897
2020-01-22,320.58,330.0,put,0.1885,12.11,12.0,12.38,681
2020-01-22,320.58,340.0,call,0.1726,2.93,2.61,2.72,1001
2020-01-22,320.58,340.0,put,0.1981,22.01,21.89,22.02,282
2020-01-23,321.37,300.0,call,0.1659,24.86,24.63,24.75,499
2020-01-23,321.37,300.0,put,0.1925,2.61,2.46,2.71,948
2020-01-23,321.37,310.0,call,0.1594,14.31,13.93,14.13,565
2020-01-23,321.37,310.0,put,0.1757,2.61,2.45,2.64,901
2020-01-23,321.37,320.0,call,0.177,3.55,3.29,3.47,811
2020-01-23,321.37,320.0,put,0.2007,1.67,1.35,1.52,899
2020-01-23,321.37,330.0,call,0.1757,2.67,2.37,2.69,405
2020-01-23,321.37,330.0,put,0.1792,11.2,11.06,11.38,762
2020-01-23,321.37,340.0,call,0.1837,3.11,2.8,3.1,867
2020-01-23,321.37,340.0,put,0.1889,21.58,21.28,21.45,1171
2020-01-24,321.76,300.0,call,0.1606,24.52,24.18,24.45,675
2020-01-24,321.76,300.0,put,0.1601,2.72,2.5,2.89,1034
2020-01-24,321.76,310.0,call,0.1745,13.92,13.59,13.92,840
2020-01-24,321.76,310.0,put,0.1919,2.3,1.98,2.32,543
2020-01-24,321.76,320.0,call,0.1895,3.7,3.42,3.71,877
2020-01-24,321.76,320.0,put,0.2025,2.11,1.9,2.14,744
2020-01-24,321.76,330.0,call,0.1646,2.13,1.83,2.13,305
2020-01-24,321.76,330.0,put,0.1934,10.47,10.12,10.3,816
2020-01-24,321.76,340.0,call,0.1933,3.12,2.77,3.11,747
2020-01-24,321.76,340.0,put,0.1807,21.38,20.99,21.19,846
2020-01-27,321.58,300.0,call,0.1782,24.82,24.64,24.94,736
2020-01-27,321.58,300.0,put,0.1808,3.31,3.16,3.27,976
2020-01-27,321.58,310.0,call,0.1793,13.68,13.57,13.74,757
2020-01-27,321.58,310.0,put,0.1667,3.05,2.82,3.19,738
2020-01-27,321.58,320.0,call,0.1679,3.6,3.39,3.54,520
2020-01-27,321.58,320.0,put,0.1991,1.96,1.74,1.92,1317
2020-01-27,321.58,330.0,call,0.1855,2.66,2.35,2.59,1235
2020-01-27,321.58,330.0,put,0.1906,10.73,10.63,10.77,917
2020-01-27,321.58,340.0,call,0.204,2.93,2.61,2.75,615
2020-01-27,321.58,340.0,put,0.212,21.09,20.98,21.32,1135
2020-01-28,320.59,300.0,call,0.1812,23.8,23.65,23.77,1042
2020-01-28,320.59,300.0,put,0.1845,2.99,2.84,3.12,681
2020-01-28,320.59,310.0,call,0.1648,13.42,13.1,13.21,849
2020-01-28,320.59,310.0,put,0.1683,2.32,2.17,2.34,777
2020-01-28,320.59,320.0,call,0.1739,2.85,2.63,2.81,600
2020-01-28,320.59,320.0,put,0.1821,2.43,2.16,2.55,809
2020-01-28,320.59,330.0,call,0.1956,2.54,2.36,2.67,492
2020-01-28,320.59,330.0,put,0.1909,11.88,11.77,12.09,887
2020-01-28,320.59,340.0,call,0.1711,3.15,2.88,3.21,724
2020-01-28,320.59,340.0,put,0.188,22.41,22.21,22.6,1095
2020-01-29,322.0,300.0,call,0.1574,25.17,24.97,25.36,1036
2020-01-29,322.0,300.0,put,0.1878,3.28,3.07,3.44,678
2020-01-29,322.0,310.0,call,0.19,14.43,14.11,14.21,904
2020-01-29,322.0,310.0,put,0.2021,2.46,2.17,2.37,564
2020-01-29,322.0,320.0,call,0.1903,4.2,3.8,3.9,837
2020-01-29,322.0,320.0,put,0.174,2.53,2.15,2.39,846
2020-01-29,322.0,330.0,call,0.2019,2.72,2.39,2.71,896
2020-01-29,322.0,330.0,put,0.191,10.85,10.7,10.85,1033
2020-01-29,322.0,340.0,call,0.1954,2.56,2.43,2.68,878
2020-01-29,322.0,340.0,put,0.2092,20.66,20.47,20.7,539
2020-01-30,323.48,300.0,call,0.177,27.1,26.84,27.11,929
2020-01-30,323.48,300.0,put,0.1896,3.47,3.12,3.45,791
2020-01-30,323.48,310.0,call,0.1595,16.31,15.93,16.2,486
2020-01-30,323.48,310.0,put,0.1857,2.59,2.31,2.65,1174
2020-01-30,323.48,320.0,call,0.1674,5.17,4.91,5.29,680
2020-01-30,323.48,320.0,put,0.1934,2.17,1.85,2.02,544
2020-01-30,323.48,330.0,call,0.1989,2.1,1.72,2.1,992
2020-01-30,323.48,330.0,put,0.203,8.8,8.55,8.89,902
2020-01-30,323.48,340.0,call,0.1965,3.28,3.13,3.51,1055
2020-01-30,323.48,340.0,put,0.2159,19.1,18.74,19.07,675
2020-01-31,323.8,300.0,call,0.1517,26.53,26.43,26.61,815
2020-01-31,323.8,300.0,put,0.1891,3.32,3.1,3.46,602
2020-01-31,323.8,310.0,call,0.1546,16.46,16.11,16.25,756
2020-01-31,323.8,310.0,put,0.1641,2.66,2.4,2.51,627
2020-01-31,323.8,320.0,call,0.1807,5.84,5.74,5.9,991
2020-01-31,323.8,320.0,put,0.1698,2.62,2.27,2.65,959
2020-01-31,323.8,330.0,call,0.1757,2.72,2.32,2.65,753
2020-01-31,323.8,330.0,put,0.1969,8.41,8.22,8.34,1094
2020-01-31,323.8,340.0,call,0.1731,2.44,2.2,2.49,805
2020-01-31,323.8,340.0,put,0.211,18.55,18.28,18.6,738
2020-02-03,324.2,300.0,call,0.1859,27.25,26.97,27.09,459
2020-02-03,324.2,300.0,put,0.166,2.97,2.66,2.84,665
2020-02-03,324.2,310.0,call,0.1633,17.34,16.94,17.09,1005
2020-02-03,324.2,310.0,put,0.1644,2.8,2.51,2.62,651
2020-02-03,324.2,320.0,call,0.1882,6.73,6.61,6.9,657
2020-02-03,324.2,320.0,put,0.1862,1.87,1.67,1.97,839
2020-02-03,324.2,330.0,call,0.182,2.35,2.09,2.44,597
2020-02-03,324.2,330.0,put,0.1761,8.02,7.81,8.05,1104
2020-02-03,324.2,340.0,call,0.2012,2.8,2.4,2.76,928
2020-02-03,324.2,340.0,put,0.1788,18.83,18.72,19.09,918
2020-02-04,323.28,300.0,call,0.1649,26.0,25.81,26.03,1123
2020-02-04,323.28,300.0,put,0.1868,3.02,2.67,2.79,910
2020-02-04,323.28,310.0,call,0.1555,15.8,15.43,15.76,679
2020-02-04,323.28,310.0,put,0.1955,2.58,2.47,2.81,572
2020-02-04,323.28,320.0,call,0.166,5.33,5.12,5.26,726
2020-02-04,323.28,320.0,put,0.193,2.32,2.22,2.46,900
2020-02-04,323.28,330.0,call,0.1855,2.71,2.46,2.58,1177
2020-02-04,323.28,330.0,put,0.205,9.42,9.24,9.53,927
2020-02-04,323.28,340.0,call,0.1722,3.16,2.96,3.35,748
2020-02-04,323.28,340.0,put,0.2147,19.68,19.49,19.6,809
2020-02-05,322.91,300.0,call,0.1548,26.1,25.96,26.11,1051
2020-02-05,322.91,300.0,put,0.1682,3.52,3.23,3.61,663
2020-02-05,322.91,310.0,call,0.1729,15.94,15.64,15.75,809
2020-02-05,322.91,310.0,put,0.1703,2.38,2.21,2.57,962
2020-02-05,322.91,320.0,call,0.1771,5.43,5.29,5.56,1259
2020-02-05,322.91,320.0,put,0.1688,2.04,1.7,2.1,839
2020-02-05,322.91,330.0,call,0.1643,2.68,2.43,2.54,816
2020-02-05,322.91,330.0,put,0.198,9.72,9.42,9.63,703
2020-02-05,322.91,340.0,call,0.1696,2.79,2.42,2.62,801
2020-02-05,322.91,340.0,put,0.199,19.98,19.86,20.08,908
2020-02-06,323.38,300.0,call,0.1869,26.49,26.26,26.5,831
2020-02-06,323.38,300.0,put,0.1841,3.07,2.8,3.15,997
2020-02-06,323.38,310.0,call,0.1932,16.44,16.23,16.34,626
2020-02-06,323.38,310.0,put,0.1728,2.21,2.01,2.35,653
2020-02-06,323.38,320.0,call,0.1969,5.16,4.8,4.91,789
2020-02-06,323.38,320.0,put,0.1851,2.54,2.32,2.7,754
2020-02-06,323.38,330.0,call,0.1918,2.43,2.28,2.48,573
2020-02-06,323.38,330.0,put,0.2131,8.73,8.48,8.86,941
2020-02-06,323.38,340.0,call,0.1821,2.96,2.63,2.92,802
2020-02-06,323.38,340.0,put,0.2166,19.12,18.84,19.03,668
2020-02-07,323.79,300.0,call,0.1598,26.91,26.61,26.79,774
2020-02-07,323.79,300.0,put,0.1634,3.3,3.15,3.38,617
2020-02-07,323.79,310.0,call,0.169,16.05,15.74,16.04,843
2020-02-07,323.79,310.0,put,0.1853,2.36,2.2,2.37,552
2020-02-07,323.79,320.0,call,0.1791,6.3,6.09,6.45,771
2020-02-07,323.79,320.0,put,0.1815,1.81,1.42,1.78,483
2020-02-07,323.79,330.0,call,0.1795,2.67,2.3,2.5,620
2020-02-07,323.79,330.0,put,0.2009,8.93,8.53,8.85,798
2020-02-07,323.79,340.0,call,0.1803,3.19,2.79,2.99,1027
2020-02-07,323.79,340.0,put,0.2167,19.52,19.18,19.49,724
2020-02-10,322.75,300.0,call,0.1488,25.98,25.67,26.05,492
2020-02-10,322.75,300.0,put,0.1845,2.84,2.55,2.94,766
2020-02-10,322.75,310.0,call,0.1581,15.58,15.3,15.51,807
2020-02-10,322.75,310.0,put,0.1993,2.95,2.71,2.84,772
2020-02-10,322.75,320.0,call,0.1767,4.97,4.79,5.04,872
2020-02-10,322.75,320.0,put,0.1911,2.46,2.34,2.7,353
2020-02-10,322.75,330.0,call,0.2005,2.03,1.68,2.03,974
2020-02-10,322.75,330.0,put,0.198,9.32,9.01,9.23,633
2020-02-10,322.75,340.0,call,0.1695,2.5,2.28,2.65,391
2020-02-10,322.75,340.0,put,0.2158,19.7,19.42,19.62,623
2020-02-11,322.77,300.0,call,0.1668,25.89,25.76,26.11,512
2020-02-11,322.77,300.0,put,0.1775,2.82,2.56,2.71,817
2020-02-11,322.77,310.0,call,0.1877,15.74,15.6,15.72,981
2020-02-11,322.77,310.0,put,0.2017,2.69,2.51,2.68,883
2020-02-11,322.77,320.0,call,0.163,4.55,4.21,4.35,1044
2020-02-11,322.77,320.0,put,0.1741,2.2,2.1,2.46,519
2020-02-11,322.77,330.0,call,0.1859,2.62,2.37,2.68,1032
2020-02-11,322.77,330.0,put,0.2086,9.43,9.3,9.4,692
2020-02-11,322.77,340.0,call,0.1777,3.2,3.01,3.18,315
2020-02-11,322.77,340.0,put,0.199,19.93,19.81,20.08,813
2020-02-12,321.95,300.0,call,0.1637,24.93,24.6,24.77,1103
2020-02-12,321.95,300.0,put,0.1783,3.48,3.27,3.49,670
2020-02-12,321.95,310.0,call,0.1592,14.83,14.61,14.86,512
2020-02-12,321.95,310.0,put,0.179,3.01,2.78,2.99,853
2020-02-12,321.95,320.0,call,0.1751,4.31,3.91,4.27,635
2020-02-12,321.95,320.0,put,0.1869,1.94,1.77,1.93,821
2020-02-12,321.95,330.0,call,0.2023,2.4,2.27,2.49,616
2020-02-12,321.95,330.0,put,0.2132,10.93,10.66,10.95,954
2020-02-12,321.95,340.0,call,0.1961,2.9,2.65,2.84,764
2020-02-12,321.95,340.0,put,0.1917,21.34,21.17,21.56,719
2020-02-13,323.4,300.0,call,0.1713,26.11,25.98,26.14,754
2020-02-13,323.4,300.0,put,0.1902,3.03,2.86,2.97,886
2020-02-13,323.4,310.0,call,0.1686,15.58,15.45,15.73,922
2020-02-13,323.4,310.0,put,0.1929,2.37,2.27,2.64,746
2020-02-13,323.4,320.0,call,0.1921,5.14,4.99,5.16,976
2020-02-13,323.4,320.0,put,0.2006,2.11,1.9,2.23,714
2020-02-13,323.4,330.0,call,0.1879,2.1,1.83,2.14,940
2020-02-13,323.4,330.0,put,0.1989,9.02,8.89,9.27,533
2020-02-13,323.4,340.0,call,0.1969,2.6,2.29,2.58,694
2020-02-13,323.4,340.0,put,0.2012,19.59,19.43,19.68,635
2020-02-14,322.26,300.0,call,0.1531,25.79,25.65,26.02,583
2020-02-14,322.26,300.0,put,0.1725,3.03,2.82,3.09,841
2020-02-14,322.26,310.0,call,0.1673,15.2,15.03,15.2,335
2020-02-14,322.26,310.0,put,0.1648,2.84,2.74,2.96,857
2020-02-14,322.26,320.0,call,0.1894,4.32,4.09,4.27,657
2020-02-14,322.26,320.0,put,0.1802,2.27,1.99,2.37,822
2020-02-14,322.26,330.0,call,0.2026,2.41,2.28,2.47,502
2020-02-14,322.26,330.0,put,0.2117,9.78,9.67,10.03,766
2020-02-14,322.26,340.0,call,0.2011,3.15,2.91,3.21,689
2020-02-14,322.26,340.0,put,0.1945,20.91,20.57,20.96,868
2020-02-17,323.43,300.0,call,0.1756,26.62,26.3,26.45,1079
2020-02-17,323.43,300.0,put,0.1821,3.11,2.82,3.11,653
2020-02-17,323.43,310.0,call,0.1892,16.17,16.01,16.24,819
2020-02-17,323.43,310.0,put,0.197,2.73,2.57,2.68,1233
2020-02-17,323.43,320.0,call,0.1637,5.54,5.24,5.41,640
2020-02-17,323.43,320.0,put,0.1986,2.1,1.81,2.21,435
2020-02-17,323.43,330.0,call,0.1987,2.17,1.86,2.01,624
2020-02-17,323.43,330.0,put,0.1908,8.84,8.54,8.89,733
2020-02-17,323.43,340.0,call,0.187,2.48,2.15,2.48,991
2020-02-17,323.43,340.0,put,0.1968,19.44,19.07,19.38,742
2020-02-18,321.99,300.0,call,0.1573,25.44,25.16,25.52,683
2020-02-18,321.99,300.0,put,0.1592,3.6,3.46,3.75,872
2020-02-18,321.99,310.0,call,0.1736,14.47,14.21,14.33,1028
2020-02-18,321.99,310.0,put,0.1646,2.52,2.19,2.38,756
2020-02-18,321.99,320.0,call,0.1888,4.36,4.19,4.58,1193
2020-02-18,321.99,320.0,put,0.1895,1.75,1.57,1.85,869
2020-02-18,321.99,330.0,call,0.1751,2.74,2.57,2.79,617
2020-02-18,321.99,330.0,put,0.207,10.17,10.04,10.19,792
2020-02-18,321.99,340.0,call,0.1941,2.96,2.84,3.24,626
2020-02-18,321.99,340.0,put,0.2082,20.44,20.21,20.51,822
2020-02-19,323.38,300.0,call,0.1788,26.93,26.79,27.02,956
2020-02-19,323.38,300.0,put,0.1737,3.01,2.8,3.14,831
2020-02-19,323.38,310.0,call,0.1609,16.37,16.11,16.31,687
2020-02-19,323.38,310.0,put,0.1831,2.19,1.83,2.03,761
2020-02-19,323.38,320.0,call,0.1721,6.04,5.76,5.99,818
2020-02-19,323.38,320.0,put,0.1911,2.19,1.83,2.11,727
2020-02-19,323.38,330.0,call,0.1827,2.35,2.02,2.22,506
2020-02-19,323.38,330.0,put,0.2131,9.15,8.76,8.98,688
2020-02-19,323.38,340.0,call,0.1927,3.08,2.88,3.06,982
2020-02-19,323.38,340.0,put,0.2183,19.81,19.65,20.0,768
2020-02-20,324.83,300.0,call,0.1587,28.23,27.9,28.02,872
2020-02-20,324.83,300.0,put,0.1858,3.69,3.58,3.86,644
2020-02-20,324.83,310.0,call,0.1643,17.18,16.87,17.26,616
2020-02-20,324.83,310.0,put,0.1806,2.66,2.4,2.62,785
2020-02-20,324.83,320.0,call,0.1608,7.55,7.15,7.3,812
2020-02-20,324.83,320.0,put,0.1955,1.77,1.42,1.71,1014
2020-02-20,324.83,330.0,call,0.1734,2.63,2.33,2.53,268
2020-02-20,324.83,330.0,put,0.1745,7.64,7.29,7.6,635
2020-02-20,324.83,340.0,call,0.1732,2.86,2.52,2.75,667
2020-02-20,324.83,340.0,put,0.1901,18.24,17.99,18.22,724
2020-02-21,323.7,300.0,call,0.1631,26.9,26.73,27.07,690
2020-02-21,323.7,300.0,put,0.1705,3.51,3.14,3.53,898
2020-02-21,323.7,310.0,call,0.1538,16.63,16.37,16.51,803
2020-02-21,323.7,310.0,put,0.1793,2.66,2.28,2.4,962
2020-02-21,323.7,320.0,call,0.1865,6.23,6.02,6.19,830
2020-02-21,323.7,320.0,put,0.174,2.24,2.06,2.17,966
2020-02-21,323.7,330.0,call,0.1725,2.64,2.41,2.78,940
2020-02-21,323.7,330.0,put,0.1956,9.0,8.73,8.88,748
2020-02-21,323.7,340.0,call,0.1781,3.3,3.11,3.47,891
2020-02-21,323.7,340.0,put,0.207,19.41,19.06,19.18,483
2020-02-24,322.7,300.0,call,0.1689,25.55,25.29,25.54,859
2020-02-24,322.7,300.0,put,0.1591,3.46,3.34,3.73,860
2020-02-24,322.7,310.0,call,0.193,15.58,15.34,15.52,643
2020-02-24,322.7,310.0,put,0.1795,2.86,2.49,2.64,896
2020-02-24,322.7,320.0,call,0.1684,4.54,4.43,4.79,725
2020-02-24,322.7,320.0,put,0.1865,2.09,1.76,2.09,794
2020-02-24,322.7,330.0,call,0.169,2.49,2.24,2.34,977
2020-02-24,322.7,330.0,put,0.1883,10.13,9.88,10.19,1037
2020-02-24,322.7,340.0,call,0.174,2.84,2.52,2.87,862
2020-02-24,322.7,340.0,put,0.1976,20.11,19.87,20.06,991
2020-02-25,323.63,300.0,call,0.1847,26.66,26.37,26.58,528
2020-02-25,323.63,300.0,put,0.1782,3.36,3.03,3.38,653
2020-02-25,323.63,310.0,call,0.1607,16.02,15.77,16.02,885
2020-02-25,323.63,310.0,put,0.1992,2.96,2.71,3.06,574
2020-02-25,323.63,320.0,call,0.1772,5.65,5.42,5.66,761
2020-02-25,323.63,320.0,put,0.1974,2.65,2.41,2.53,746
2020-02-25,323.63,330.0,call,0.1712,1.92,1.74,2.08,1206
2020-02-25,323.63,330.0,put,0.2108,8.38,8.23,8.62,802
2020-02-25,323.63,340.0,call,0.1826,3.13,3.03,3.43,1072
2020-02-25,323.63,340.0,put,0.2153,19.52,19.33,19.68,828
2020-02-26,323.3,300.0,call,0.1683,26.33,26.12,26.39,862
2020-02-26,323.3,300.0,put,0.1891,2.68,2.42,2.63,496
2020-02-26,323.3,310.0,call,0.1617,16.39,16.23,16.39,926
2020-02-26,323.3,310.0,put,0.1878,2.67,2.39,2.77,1064
2020-02-26,323.3,320.0,call,0.1928,5.88,5.76,6.13,1083
2020-02-26,323.3,320.0,put,0.2056,2.17,1.94,2.14,856
2020-02-26,323.3,330.0,call,0.2,2.76,2.47,2.78,742
2020-02-26,323.3,330.0,put,0.2125,9.19,9.01,9.4,892
2020-02-26,323.3,340.0,call,0.1927,2.67,2.3,2.42,839
2020-02-26,323.3,340.0,put,0.1827,19.29,18.98,19.26,688
2020-02-27,323.07,300.0,call,0.1548,26.65,26.32,26.63,932
2020-02-27,323.07,300.0,put,0.163,3.43,3.08,3.4,481
2020-02-27,323.07,310.0,call,0.1728,15.91,15.78,16.11,773
2020-02-27,323.07,310.0,put,0.1889,2.66,2.4,2.52,1149
2020-02-27,323.07,320.0,call,0.1601,4.74,4.41,4.55,941
2020-02-27,323.07,320.0,put,0.2076,2.54,2.35,2.7,937
2020-02-27,323.07,330.0,call,0.1669,2.24,1.97,2.37,996
2020-02-27,323.07,330.0,put,0.2103,8.81,8.53,8.75,862
2020-02-27,323.07,340.0,call,0.1909,3.05,2.83,3.2,1357
2020-02-27,323.07,340.0,put,0.1807,20.12,19.76,19.9,640
2020-02-28,324.39,300.0,call,0.1529,27.32,26.93,27.28,653
2020-02-28,324.39,300.0,put,0.1679,3.12,3.02,3.31,723
2020-02-28,324.39,310.0,call,0.1549,17.39,17.27,17.37,725
2020-02-28,324.39,310.0,put,0.1961,2.73,2.35,2.48,1136
2020-02-28,324.39,320.0,call,0.1711,6.85,6.65,6.79,736
2020-02-28,324.39,320.0,put,0.1827,1.97,1.77,2.02,766
2020-02-28,324.39,330.0,call,0.1842,1.86,1.67,1.89,612
2020-02-28,324.39,330.0,put,0.1898,7.46,7.29,7.58,930
2020-02-28,324.39,340.0,call,0.201,2.79,2.65,2.77,909
2020-02-28,324.39,340.0,put,0.2004,18.55,18.29,18.56,963
2020-03-02,323.95,300.0,call,0.1746,27.37,27.15,27.49,783
2020-03-02,323.95,300.0,put,0.1767,3.04,2.71,2.82,366
2020-03-02,323.95,310.0,call,0.1684,17.12,16.92,17.17,800
2020-03-02,323.95,310.0,put,0.1675,2.63,2.34,2.6,880
2020-03-02,323.95,320.0,call,0.1788,5.76,5.65,5.86,917
2020-03-02,323.95,320.0,put,0.1788,2.18,1.81,2.19,755
2020-03-02,323.95,330.0,call,0.1631,2.45,2.28,2.58,781
2020-03-02,323.95,330.0,put,0.2004,8.7,8.36,8.51,382
2020-03-02,323.95,340.0,call,0.1698,3.04,2.78,3.18,900
2020-03-02,323.95,340.0,put,0.1895,19.23,18.98,19.35,969
2020-03-03,324.57,300.0,call,0.1877,27.9,27.51,27.66,554
2020-03-03,324.57,300.0,put,0.1968,3.3,2.94,3.23,894
2020-03-03,324.57,310.0,call,0.1732,17.19,16.98,17.17,923
2020-03-03,324.57,310.0,put,0.1842,3.09,2.72,3.1,1297
2020-03-03,324.57,320.0,call,0.1672,6.64,6.35,6.55,1008
2020-03-03,324.57,320.0,put,0.1897,2.27,1.96,2.09,1065
2020-03-03,324.57,330.0,call,0.1996,2.25,1.94,2.22,551
2020-03-03,324.57,330.0,put,0.1763,7.7,7.54,7.76,606
2020-03-03,324.57,340.0,call,0.1882,2.63,2.41,2.73,1282
2020-03-03,324.57,340.0,put,0.2019,17.86,17.59,17.71,934
2020-03-04,324.58,300.0,call,0.1753,27.72,27.53,27.83,1173
2020-03-04,324.58,300.0,put,0.1731,3.59,3.46,3.58,639
2020-03-04,324.58,310.0,call,0.192,17.57,17.29,17.56,645
2020-03-04,324.58,310.0,put,0.1968,2.71,2.54,2.84,1199
2020-03-04,324.58,320.0,call,0.1868,7.3,6.96,7.09,1191
2020-03-04,324.58,320.0,put,0.191,2.06,1.74,2.02,775
2020-03-04,324.58,330.0,call,0.1665,2.33,2.22,2.56,944
2020-03-04,324.58,330.0,put,0.1764,7.78,7.56,7.7,510
2020-03-04,324.58,340.0,call,0.2034,3.21,2.83,3.09,887
2020-03-04,324.58,340.0,put,0.1895,18.6,18.32,18.49,700
2020-03-05,323.47,300.0,call,0.1574,26.63,26.44,26.76,789
2020-03-05,323.47,300.0,put,0.1942,3.34,2.95,3.1,880
2020-03-05,323.47,310.0,call,0.1881,15.66,15.4,15.64,1057
2020-03-05,323.47,310.0,put,0.1741,3.07,2.76,3.12,1061
2020-03-05,323.47,320.0,call,0.1929,5.93,5.61,5.71,884
2020-03-05,323.47,320.0,put,0.1914,1.68,1.54,1.79,906
2020-03-05,323.47,330.0,call,0.1649,2.15,1.98,2.13,632
2020-03-05,323.47,330.0,put,0.1825,9.01,8.69,8.99,1177
2020-03-05,323.47,340.0,call,0.1758,2.68,2.5,2.76,937
2020-03-05,323.47,340.0,put,0.2004,18.93,18.72,19.11,772
2020-03-06,324.69,300.0,call,0.1515,28.28,27.97,28.35,596
2020-03-06,324.69,300.0,put,0.1935,3.27,2.94,3.09,851
2020-03-06,324.69,310.0,call,0.1554,17.37,17.17,17.42,577
2020-03-06,324.69,310.0,put,0.1921,2.62,2.48,2.79,1130
2020-03-06,324.69,320.0,call,0.1793,6.58,6.47,6.76,539
2020-03-06,324.69,320.0,put,0.1843,2.2,1.98,2.11,773
2020-03-06,324.69,330.0,call,0.1841,1.89,1.59,1.91,866
2020-03-06,324.69,330.0,put,0.1823,7.67,7.45,7.82,916
2020-03-06,324.69,340.0,call,0.1896,2.79,2.62,2.75,881
2020-03-06,324.69,340.0,put,0.1829,17.77,17.5,17.79,758
2020-03-09,324.49,300.0,call,0.1636,27.85,27.67,28.01,626
2020-03-09,324.49,300.0,put,0.1589,3.07,2.74,2.9,590
2020-03-09,324.49,310.0,call,0.1785,17.68,17.45,17.71,805
2020-03-09,324.49,310.0,put,0.1722,2.7,2.42,2.77,823
2020-03-09,324.49,320.0,call,0.1694,6.54,6.22,6.52,709
2020-03-09,324.49,320.0,put,0.1713,1.85,1.6,1.88,400
2020-03-09,324.49,330.0,call,0.1889,2.01,1.87,2.25,802
2020-03-09,324.49,330.0,put,0.1841,7.81,7.52,7.84,837
2020-03-09,324.49,340.0,call,0.1736,2.78,2.58,2.9,568
2020-03-09,324.49,340.0,put,0.1854,18.78,18.52,18.75,1082
2020-03-10,325.16,300.0,call,0.1626,27.96,27.73,27.92,670
2020-03-10,325.16,300.0,put,0.1906,3.25,3.1,3.24,592
2020-03-10,325.16,310.0,call,0.1753,17.69,17.53,17.91,1085
2020-03-10,325.16,310.0,put,0.1839,3.2,2.85,3.04,1141
2020-03-10,325.16,320.0,call,0.1762,7.01,6.8,7.18,920
2020-03-10,325.16,320.0,put,0.1691,2.62,2.31,2.59,889
2020-03-10,325.16,330.0,call,0.181,2.0,1.72,2.03,831
2020-03-10,325.16,330.0,put,0.1974,7.26,6.99,7.31,685
2020-03-10,325.16,340.0,call,0.1881,3.2,2.9,3.19,910
2020-03-10,325.16,340.0,put,0.2015,17.85,17.71,18.0,809
2020-03-11,324.13,300.0,call,0.1785,27.65,27.36,27.48,770
2020-03-11,324.13,300.0,put,0.1767,3.49,3.22,3.62,955
2020-03-11,324.13,310.0,call,0.1813,16.47,16.08,16.2,658
2020-03-11,324.13,310.0,put,0.1786,2.23,2.04,2.21,1047
2020-03-11,324.13,320.0,call,0.189,6.42,6.28,6.64,840
2020-03-11,324.13,320.0,put,0.2029,2.47,2.24,2.5,970
2020-03-11,324.13,330.0,call,0.2021,2.5,2.19,2.49,1252
2020-03-11,324.13,330.0,put,0.1849,8.11,7.82,7.99,766
2020-03-11,324.13,340.0,call,0.1938,3.2,3.01,3.22,612
2020-03-11,324.13,340.0,put,0.2037,18.22,17.89,18.08,861
2020-03-12,324.49,300.0,call,0.1647,27.83,27.56,27.82,813
2020-03-12,324.49,300.0,put,0.162,3.11,2.93,3.18,820
2020-03-12,324.49,310.0,call,0.1716,17.23,17.09,17.34,916
2020-03-12,324.49,310.0,put,0.1634,2.56,2.25,2.61,762
2020-03-12,324.49,320.0,call,0.1621,6.25,6.06,6.35,957
2020-03-12,324.49,320.0,put,0.1989,1.85,1.56,1.73,714
2020-03-12,324.49,330.0,call,0.1932,2.69,2.46,2.77,563
2020-03-12,324.49,330.0,put,0.1892,7.87,7.47,7.74,1108
2020-03-12,324.49,340.0,call,0.1859,2.37,1.99,2.25,711
2020-03-12,324.49,340.0,put,0.1873,18.42,18.29,18.41,522
2020-03-13,325.51,300.0,call,0.1713,28.59,28.33,28.6,798
2020-03-13,325.51,300.0,put,0.163,2.87,2.54,2.78,797
2020-03-13,325.51,310.0,call,0.1602,18.16,17.86,18.1,348
2020-03-13,325.51,310.0,put,0.1783,2.38,2.25,2.57,666
2020-03-13,325.51,320.0,call,0.1697,7.41,7.08,7.45,1021
2020-03-13,325.51,320.0,put,0.1969,2.02,1.67,1.98,966
2020-03-13,325.51,330.0,call,0.18,1.89,1.71,2.06,954
2020-03-13,325.51,330.0,put,0.1951,6.77,6.67,6.81,1071
2020-03-13,325.51,340.0,call,0.1796,2.85,2.64,2.82,633
2020-03-13,325.51,340.0,put,0.201,17.27,17.06,17.29,948
2020-03-16,326.43,300.0,call,0.1703,30.23,29.95,30.13,574
2020-03-16,326.43,300.0,put,0.1909,3.56,3.2,3.52,781
2020-03-16,326.43,310.0,call,0.1619,19.03,18.88,19.24,943
2020-03-16,326.43,310.0,put,0.1627,2.8,2.46,2.77,696
2020-03-16,326.43,320.0,call,0.1838,8.28,8.15,8.47,852
2020-03-16,326.43,320.0,put,0.1994,2.77,2.49,2.76,684
2020-03-16,326.43,330.0,call,0.1631,2.09,1.85,2.24,771
2020-03-16,326.43,330.0,put,0.1945,5.31,4.91,5.21,811
2020-03-16,326.43,340.0,call,0.1955,2.87,2.49,2.71,785
2020-03-16,326.43,340.0,put,0.1777,16.22,15.9,16.22,879
2020-03-17,324.94,300.0,call,0.1722,28.52,28.16,28.49,527
2020-03-17,324.94,300.0,put,0.1856,2.81,2.7,2.9,952
2020-03-17,324.94,310.0,call,0.1783,17.57,17.28,17.61,821
2020-03-17,324.94,310.0,put,0.2014,2.8,2.51,2.8,638
2020-03-17,324.94,320.0,call,0.1845,6.84,6.54,6.77,1110
2020-03-17,324.94,320.0,put,0.2065,2.74,2.39,2.67,738
2020-03-17,324.94,330.0,call,0.1866,2.22,2.01,2.24,1046
2020-03-17,324.94,330.0,put,0.1793,6.85,6.62,6.85,650
2020-03-17,324.94,340.0,call,0.1702,2.48,2.28,2.49,717
2020-03-17,324.94,340.0,put,0.2104,17.81,17.69,17.82,717
2020-03-18,326.27,300.0,call,0.1481,29.73,29.58,29.88,1246
2020-03-18,326.27,300.0,put,0.1744,3.25,3.06,3.29,765
2020-03-18,326.27,310.0,call,0.1902,18.62,18.38,18.75,878
2020-03-18,326.27,310.0,put,0.1945,2.6,2.26,2.45,861
2020-03-18,326.27,320.0,call,0.1582,8.9,8.7,8.94,1069
2020-03-18,326.27,320.0,put,0.2,2.03,1.65,1.94,906
2020-03-18,326.27,330.0,call,0.1838,1.89,1.53,1.76,1239
2020-03-18,326.27,330.0,put,0.1866,5.71,5.59,5.7,920
2020-03-18,326.27,340.0,call,0.1686,3.06,2.7,2.94,895
2020-03-18,326.27,340.0,put,0.2148,16.48,16.14,16.26,853
2020-03-19,324.97,300.0,call,0.1786,27.83,27.48,27.86,709
2020-03-19,324.97,300.0,put,0.1862,3.19,2.94,3.31,840
2020-03-19,324.97,310.0,call,0.1741,17.35,17.14,17.49,718
2020-03-19,324.97,310.0,put,0.1828,2.28,1.92,2.09,794
2020-03-19,324.97,320.0,call,0.1867,7.71,7.34,7.6,660
2020-03-19,324.97,320.0,put,0.1894,2.66,2.49,2.8,1076
2020-03-19,324.97,330.0,call,0.1686,2.16,1.83,2.04,760
2020-03-19,324.97,330.0,put,0.1875,6.79,6.65,6.97,982
2020-03-19,324.97,340.0,call,0.1952,2.9,2.76,2.89,570
2020-03-19,324.97,340.0,put,0.1825,18.25,17.9,18.26,815
2020-03-20,323.98,300.0,call,0.1743,27.5,27.3,27.7,1093
2020-03-20,323.98,300.0,put,0.1638,2.95,2.79,2.92,999
2020-03-20,323.98,310.0,call,0.1798,16.43,16.09,16.42,1133
2020-03-20,323.98,310.0,put,0.2026,2.76,2.65,2.85,708
2020-03-20,323.98,320.0,call,0.1738,6.65,6.42,6.6,938
2020-03-20,323.98,320.0,put,0.1699,2.68,2.36,2.76,372
2020-03-20,323.98,330.0,call,0.189,1.81,1.51,1.68,1262
2020-03-20,323.98,330.0,put,0.2074,8.53,8.35,8.73,766
2020-03-20,323.98,340.0,call,0.2009,2.93,2.78,2.94,555
2020-03-20,323.98,340.0,put,0.1943,19.13,18.83,19.01,690
2020-03-23,322.57,300.0,call,0.173,25.53,25.16,25.33,673
2020-03-23,322.57,300.0,put,0.1974,3.27,2.94,3.31,760
2020-03-23,322.57,310.0,call,0.1719,15.25,15.02,15.31,611
2020-03-23,322.57,310.0,put,0.1783,2.9,2.79,3.0,1120
2020-03-23,322.57,320.0,call,0.1779,5.1,4.78,5.1,519
2020-03-23,322.57,320.0,put,0.1977,2.26,1.88,2.21,474
2020-03-23,322.57,330.0,call,0.1643,2.74,2.58,2.9,629
2020-03-23,322.57,330.0,put,0.1799,9.73,9.33,9.68,903
2020-03-23,322.57,340.0,call,0.1982,3.01,2.85,2.97,1198
2020-03-23,322.57,340.0,put,0.1788,20.71,20.39,20.52,620
2020-03-24,321.54,300.0,call,0.1563,24.37,24.0,24.23,595
2020-03-24,321.54,300.0,put,0.1778,2.83,2.64,2.82,749
2020-03-24,321.54,310.0,call,0.1656,14.22,14.11,14.49,564
2020-03-24,321.54,310.0,put,0.1811,2.81,2.48,2.8,779
2020-03-24,321.54,320.0,call,0.1978,3.53,3.4,3.74,789
2020-03-24,321.54,320.0,put,0.1889,2.39,2.01,2.21,755
2020-03-24,321.54,330.0,call,0.1831,2.37,2.05,2.36,673
2020-03-24,321.54,330.0,put,0.1977,10.41,10.2,10.39,820
2020-03-24,321.54,340.0,call,0.1719,2.52,2.18,2.42,1121
2020-03-24,321.54,340.0,put,0.1919,21.33,21.02,21.17,1137
2020-03-25,322.38,300.0,call,0.1826,25.49,25.18,25.5,1145
2020-03-25,322.38,300.0,put,0.1732,3.13,2.91,3.17,782
2020-03-25,322.38,310.0,call,0.1896,14.6,14.23,14.48,1084
2020-03-25,322.38,310.0,put,0.1716,2.15,1.91,2.18,1169
2020-03-25,322.38,320.0,call,0.1608,4.63,4.36,4.63,964
2020-03-25,322.38,320.0,put,0.174,2.09,1.88,2.08,891
2020-03-25,322.38,330.0,call,0.1991,2.51,2.38,2.68,990
2020-03-25,322.38,330.0,put,0.2046,10.15,9.91,10.13,795
2020-03-25,322.38,340.0,call,0.1774,2.8,2.62,2.87,597
2020-03-25,322.38,340.0,put,0.1846,20.81,20.48,20.77,434
2020-03-26,321.46,300.0,call,0.1521,24.17,23.97,24.16,867
2020-03-26,321.46,300.0,put,0.1658,3.55,3.24,3.58,629
2020-03-26,321.46,310.0,call,0.1742,13.63,13.35,13.58,764
2020-03-26,321.46,310.0,put,0.1769,2.35,2.14,2.45,877
2020-03-26,321.46,320.0,call,0.1639,3.41,3.08,3.27,1046
2020-03-26,321.46,320.0,put,0.1768,2.22,1.93,2.08,485
2020-03-26,321.46,330.0,call,0.1866,2.4,2.23,2.54,1137
2020-03-26,321.46,330.0,put,0.1785,10.85,10.72,10.96,539
2020-03-26,321.46,340.0,call,0.1958,3.13,3.01,3.14,543
2020-03-26,321.46,340.0,put,0.2036,21.06,20.94,21.21,519
2020-03-27,320.61,300.0,call,0.1796,23.44,23.09,23.46,494
2020-03-27,320.61,300.0,put,0.1903,3.16,2.87,3.09,739
2020-03-27,320.61,310.0,call,0.1904,12.82,12.67,12.99,858
2020-03-27,320.61,310.0,put,0.2008,2.39,2.07,2.43,1035
2020-03-27,320.61,320.0,call,0.186,2.23,1.98,2.32,1021
2020-03-27,320.61,320.0,put,0.1719,1.88,1.63,2.01,796
2020-03-27,320.61,330.0,call,0.1673,2.89,2.66,2.79,801
2020-03-27,320.61,330.0,put,0.1801,11.6,11.34,11.64,698
2020-03-27,320.61,340.0,call,0.2041,3.06,2.77,3.01,505
2020-03-27,320.61,340.0,put,0.1905,22.15,21.86,22.15,792
2020-03-30,319.65,300.0,call,0.158,22.68,22.33,22.52,828
2020-03-30,319.65,300.0,put,0.1814,3.01,2.73,2.99,856
2020-03-30,319.65,310.0,call,0.1815,12.5,12.3,12.64,826
2020-03-30,319.65,310.0,put,0.1849,2.5,2.18,2.29,977
2020-03-30,319.65,320.0,call,0.1897,2.32,2.22,2.49,908
2020-03-30,319.65,320.0,put,0.205,1.92,1.55,1.85,812
2020-03-30,319.65,330.0,call,0.1958,2.69,2.36,2.68,949
2020-03-30,319.65,330.0,put,0.1905,13.02,12.76,13.06,684
2020-03-30,319.65,340.0,call,0.1849,2.94,2.72,2.83,778
2020-03-30,319.65,340.0,put,0.2156,23.6,23.38,23.71,541
2020-03-31,318.34,300.0,call,0.1763,21.69,21.32,21.51,768
2020-03-31,318.34,300.0,put,0.1963,2.76,2.54,2.74,964
2020-03-31,318.34,310.0,call,0.1665,11.13,10.9,11.16,652
2020-03-31,318.34,310.0,put,0.182,2.81,2.63,2.94,905
2020-03-31,318.34,320.0,call,0.1694,2.49,2.25,2.44,504
2020-03-31,318.34,320.0,put,0.2051,4.05,3.91,4.3,942
2020-03-31,318.34,330.0,call,0.1849,3.03,2.88,3.26,941
2020-03-31,318.34,330.0,put,0.1867,14.58,14.43,14.79,1177
2020-03-31,318.34,340.0,call,0.1973,2.7,2.32,2.55,955
2020-03-31,318.34,340.0,put,0.183,24.28,23.96,24.09,1152
